track_id,spotify_id,title,track_artist,release_year,release_date,genre_l1,genre_l2,duration_ms,explicit_flag,energy,valence,danceability,acousticness,instrumentalness,speechiness,liveness,loudness,tempo,key,mode,time_signature,track_popularity,streams_total,streams_source,streams_total_estimated,canonical_track_id
spotify:track:0yLdNVWF3Srea0uzk55zFn,0yLdNVWF3Srea0uzk55zFn,Flowers,Miley Cyrus,2023.0,,Pop,Pop,200455.0,False,0.681,0.646,0.707,0.0632,5.15e-06,0.0668,0.0322,-4.325,117.999,0,1,4.0,100.0,1316855716.0,arc2_2023_top,False,0yLdNVWF3Srea0uzk55zFn
spotify:track:0sf12qNH5qcw8qpgymFOqD,0sf12qNH5qcw8qpgymFOqD,Blinding Lights,The Weeknd,2019.0,2019-11-29,Pop,Dance Pop,201573.0,False,0.796,0.345,0.513,0.00147,0.000209,0.0629,0.0938,-4.075,171.017,1,1,,98.0,585904.0,arc7_chart_dump,False,0sf12qNH5qcw8qpgymFOqD
spotify:track:4nrPB8O7Y7wsOCJdgXkthe,4nrPB8O7Y7wsOCJdgXkthe,"Shakira: Bzrp Music Sessions, Vol. 53",Bizarrap,2023.0,,Hip-Hop,Hip-Hop,218289.0,False,0.632,0.498,0.778,0.274,0.0,0.0493,0.0915,-5.6,122.104,2,0,4.0,96.0,168237697.07436818,,True,4nrPB8O7Y7wsOCJdgXkthe
spotify:track:5cXq69EbEhTaWE7lUTOwsK,5cXq69EbEhTaWE7lUTOwsK,We're All Going Home,The Wanderer,2019.0,,Folk,Singer-Songwriter,184746.0,False,0.379,0.685,0.623,0.855,0.033,0.0348,0.0909,-11.835,167.825,2,1,4.0,53.0,1633113.054692513,,True,5cXq69EbEhTaWE7lUTOwsK
spotify:track:4sccZEyUgxvukqfpRujxt7,4sccZEyUgxvukqfpRujxt7,Жду весну,Vladimir Troshin,2008.0,,Pop,Romantic,232093.0,False,0.128,0.292,0.461,0.849,0.0,0.061,0.204,-17.072,89.681,8,1,4.0,0.0,3637466.209647277,,True,4sccZEyUgxvukqfpRujxt7
spotify:track:6GN3N8xy8LI0QtRgoDHi0C,6GN3N8xy8LI0QtRgoDHi0C,The Golden Rule,John Fluker,2022.0,,Electronic,New Age,135245.0,False,0.0735,0.165,0.431,0.948,0.942,0.0609,0.113,-17.419,65.315,6,1,3.0,2.0,3625815.155515002,,True,6GN3N8xy8LI0QtRgoDHi0C
spotify:track:6hzqbA4eCXsS9AzXcof8Wl,6hzqbA4eCXsS9AzXcof8Wl,Una Sucursal,Lalo Rodriguez,2017.0,,Unknown,Unknown,320347.0,False,0.761,0.833,0.65,0.666,2.44e-05,0.0439,0.377,-6.468,102.166,5,1,4.0,21.0,7733919.595541147,,True,6hzqbA4eCXsS9AzXcof8Wl
spotify:track:5221F0VL6BM569QcEG3ySw,5221F0VL6BM569QcEG3ySw,"Perhaps, Perhaps, Perhaps - English Version; 2008 Remaster",Cliff Richard & The Shadows,2010.0,,Rock,Rock N Roll,146667.0,False,0.601,0.944,0.687,0.683,0.000146,0.0349,0.199,-4.83,132.379,2,0,4.0,10.0,6046139.892275515,,True,5221F0VL6BM569QcEG3ySw
spotify:track:7h3BPMQaGxlEmjMqVBjar5,7h3BPMQaGxlEmjMqVBjar5,Ajanbi Kaun Ho Ye Bata Do Zara,Sonu Nigam,2001.0,,Soundtrack,Pop Film,297821.0,False,0.611,0.559,0.639,0.161,0.00097,0.0359,0.209,-13.258,104.026,9,0,4.0,0.0,2901758.3038242306,,True,7h3BPMQaGxlEmjMqVBjar5
spotify:track:2IakAy7SZ6uCFNBF1vBGL6,2IakAy7SZ6uCFNBF1vBGL6,What I Learned at This Years Regional Optometry Convention,Jeromes Dream,2005.0,,Rock,Emo,134080.0,False,0.768,0.323,0.202,1.92e-05,0.701,0.0403,0.393,-5.484,156.452,10,1,4.0,9.0,3296331.412228696,,True,2IakAy7SZ6uCFNBF1vBGL6
spotify:track:0HZY8X1JrYSwsBQZVoBi1v,0HZY8X1JrYSwsBQZVoBi1v,La Guitarrera (Milonga),Floreal Ruiz,2019.0,,Latin,Tango,137169.0,False,0.488,0.916,0.685,0.776,0.00132,0.0376,0.465,-7.443,116.67,0,1,4.0,3.0,6951057.483206377,,True,0HZY8X1JrYSwsBQZVoBi1v
spotify:track:1dGeyDu0bqbt7hSY7w1omx,1dGeyDu0bqbt7hSY7w1omx,Idolatry,Countess,2001.0,,Metal,Black Metal,234547.0,False,0.597,0.157,0.0878,0.434,0.876,0.0379,0.187,-10.449,79.634,9,0,4.0,0.0,1126726.7833596102,,True,1dGeyDu0bqbt7hSY7w1omx
spotify:track:7HLURuk2BoDmrMb7C2y58y,7HLURuk2BoDmrMb7C2y58y,Impulse,HI-LO,2018.0,2018-10-19,Electronic,Progressive House,213770.0,False,0.798,0.304,0.325,0.00611,0.903,0.0733,0.114,-10.004,192.137,1,1,,41.0,773451.4657019908,,True,7HLURuk2BoDmrMb7C2y58y
spotify:track:7LlEiRbmQylHi4VI77fSuc,7LlEiRbmQylHi4VI77fSuc,One World,Talvin Singh,2001.0,,World,Indian,1194005.0,False,0.241,0.196,0.495,0.98,0.924,0.0762,0.104,-19.423,101.964,11,1,1.0,9.0,2598705.277859174,,True,7LlEiRbmQylHi4VI77fSuc
spotify:track:7lj6UtoorYeYsfMO6XbCrf,7lj6UtoorYeYsfMO6XbCrf,Misfit Love,Queens of the Stone Age,2007.0,,Rock,Alt-Rock,339867.0,False,0.995,0.472,0.557,0.0888,0.137,0.0583,0.416,-3.847,139.446,2,1,4.0,34.0,1438853.497439316,,True,7lj6UtoorYeYsfMO6XbCrf
spotify:track:0HO4TiHuFF0SxxD8YZPwiN,0HO4TiHuFF0SxxD8YZPwiN,Alone in Dreams,Marika Takeuchi,2014.0,,Classical,Piano,177538.0,False,0.202,0.101,0.384,0.948,0.887,0.0308,0.101,-13.863,105.303,4,0,3.0,14.0,5822364.38224439,,True,0HO4TiHuFF0SxxD8YZPwiN
spotify:track:7tJvSD0hehyE4MBvg0FO6V,7tJvSD0hehyE4MBvg0FO6V,If Not Now,Carrie Newcomer,2010.0,,Folk,Folk,225333.0,False,0.218,0.32,0.534,0.81,0.0,0.0297,0.112,-12.948,149.812,9,1,4.0,21.0,7049329.54898318,,True,7tJvSD0hehyE4MBvg0FO6V
spotify:track:4JsEeOk4Cf2bmHr2fOmD4s,4JsEeOk4Cf2bmHr2fOmD4s,Menyerah,Last Child,2021.0,,Rock,Punk Rock,240009.0,False,0.855,0.317,0.372,0.00352,0.0,0.0415,0.284,-4.296,162.146,0,1,4.0,53.0,1242458.5770512198,,True,4JsEeOk4Cf2bmHr2fOmD4s
spotify:track:4D3rgC2U95zr59r9ApniQf,4D3rgC2U95zr59r9ApniQf,Se Habla Español,Akwid,2004.0,,Hip-Hop,Hip-Hop,76990.0,False,0.869,0.669,0.605,0.298,0.0,0.293,0.0945,-4.057,92.898,10,1,4.0,44.0,2489394.2191920867,,True,4D3rgC2U95zr59r9ApniQf
spotify:track:4ytPgUsPNsKJtmM6Vjr4oS,4ytPgUsPNsKJtmM6Vjr4oS,Bad Things - Soundtrack Version,Jace Everett,2009.0,,Blues,Blues,163093.0,False,0.839,0.733,0.595,0.0574,0.00736,0.0435,0.301,-5.513,130.991,4,0,4.0,31.0,3171782.838654487,,True,4ytPgUsPNsKJtmM6Vjr4oS
spotify:track:2Yfkjb3z3pN9DfS1yE0b3Y,2Yfkjb3z3pN9DfS1yE0b3Y,Love Theory,Kirk Franklin,2019.0,,Gospel,Gospel,251715.0,False,0.668,0.742,0.739,0.184,0.0,0.246,0.0869,-5.464,97.097,1,1,4.0,55.0,2545394.786906994,,True,2Yfkjb3z3pN9DfS1yE0b3Y
spotify:track:4Bdoew3rBD5QFt5EvGONXb,4Bdoew3rBD5QFt5EvGONXb,Ghost of Muskegon,Pop Evil,2015.0,,Rock,Alt-Rock,238758.0,False,0.607,0.579,0.549,0.00147,0.0,0.0286,0.146,-6.729,101.99,7,0,4.0,29.0,6993282.991115374,,True,4Bdoew3rBD5QFt5EvGONXb
spotify:track:0IOkIDlm2Ikdhjr5EVVzMM,0IOkIDlm2Ikdhjr5EVVzMM,Photograph,Kai Wachi,2019.0,,Reggae,Dub,246461.0,False,0.691,0.183,0.528,0.0248,0.000168,0.0906,0.132,-6.171,112.759,0,1,3.0,34.0,1595815.9910218236,,True,0IOkIDlm2Ikdhjr5EVVzMM
spotify:track:7n7UKOXOmzedpKQK3F5tQ5,7n7UKOXOmzedpKQK3F5tQ5,Bendita Mi Suerte,Funambulista,2014.0,,Latin,Spanish,213941.0,False,0.766,0.698,0.551,0.0641,0.0,0.027,0.185,-5.688,155.976,7,1,3.0,47.0,4800750.269621285,,True,7n7UKOXOmzedpKQK3F5tQ5
spotify:track:0WNoyXJwvqNjYxWwvyFep5,0WNoyXJwvqNjYxWwvyFep5,Take a Drink From My Hands,Hammock,2006.0,,Electronic,Ambient,302418.0,False,0.0987,0.0382,0.268,0.774,0.784,0.0417,0.0902,-15.012,110.239,0,1,4.0,21.0,2092963.1766507905,,True,0WNoyXJwvqNjYxWwvyFep5
spotify:track:5JuOSNkM2jXPYhJuHfkfdg,5JuOSNkM2jXPYhJuHfkfdg,Save Your Love (Re-Recorded / Remastered),Great White,2007.0,,Rock,Hard Rock,278439.0,False,0.616,0.172,0.445,0.364,6.94e-06,0.0292,0.293,-7.074,111.428,4,0,4.0,27.0,3301155.743580133,,True,5JuOSNkM2jXPYhJuHfkfdg
spotify:track:2ISEd8diW26TrrX3S7k3Jl,2ISEd8diW26TrrX3S7k3Jl,Better Than Them,Machel Montano,2016.0,,Reggae,Dancehall,213922.0,False,0.92,0.655,0.717,0.0745,0.0,0.0553,0.291,-3.179,101.015,0,1,4.0,34.0,1774380.137732527,,True,2ISEd8diW26TrrX3S7k3Jl
spotify:track:3aVaoUPw2t4KTS1p6BLrv1,3aVaoUPw2t4KTS1p6BLrv1,Change,Above Only,2012.0,,Rock,Hard Rock,240360.0,False,0.796,0.403,0.322,6.06e-06,0.00573,0.0361,0.111,-5.314,156.033,10,0,4.0,28.0,4615144.708334734,,True,3aVaoUPw2t4KTS1p6BLrv1
spotify:track:7JDLB07Av6UQR1SPdUt0uP,7JDLB07Av6UQR1SPdUt0uP,Everything We Touch,Say Lou Lou,2014.0,,World,Nordic,222123.0,False,0.716,0.325,0.532,0.00415,0.0,0.0265,0.434,-6.847,98.581,5,0,4.0,15.0,6941435.405328536,,True,7JDLB07Av6UQR1SPdUt0uP
spotify:track:0UZ5D7IZkiR3ZUYl6AK0do,0UZ5D7IZkiR3ZUYl6AK0do,Livin' It Up,Ja Rule,2012.0,,Electronic,Dance,257000.0,False,0.766,0.658,0.88,0.057,0.0,0.301,0.0414,-4.071,106.034,6,1,4.0,40.0,1533413.2475182328,,True,0UZ5D7IZkiR3ZUYl6AK0do
spotify:track:6GQIWgzg7x8UYeBzJckG6W,6GQIWgzg7x8UYeBzJckG6W,Lilac Moon,Paco Versailles,2021.0,,World,French,232021.0,False,0.815,0.849,0.63,0.00824,0.583,0.0417,0.0718,-8.881,120.004,0,1,4.0,29.0,5616511.372995986,,True,6GQIWgzg7x8UYeBzJckG6W
spotify:track:4Ww9xab2FNqqHRqn3XwDYo,4Ww9xab2FNqqHRqn3XwDYo,Evarito Nedeludu (Live),M. L. Vasanthakumari,2004.0,,World,Indian,173871.0,False,0.394,0.583,0.596,0.939,0.303,0.396,0.119,-18.787,99.334,5,1,4.0,0.0,3271206.882801418,,True,4Ww9xab2FNqqHRqn3XwDYo
spotify:track:6baJf3hNTe8HBA8vzfufsR,6baJf3hNTe8HBA8vzfufsR,Rustic Shoe Racks,Tommy Campbell,2019.0,,Pop,Comedy,234196.0,False,0.551,0.618,0.657,0.772,0.0,0.916,0.744,-13.305,113.159,2,0,5.0,18.0,10067352.216733731,,True,6baJf3hNTe8HBA8vzfufsR
spotify:track:0nXlU9IfgrhI5tZo3KktvM,0nXlU9IfgrhI5tZo3KktvM,I'm Glad There Is You,Peter Erskine,2007.0,,Jazz,Jazz,301120.0,False,0.00657,0.116,0.387,0.966,0.79,0.0418,0.111,-31.759,114.137,7,0,4.0,24.0,2411592.7447509905,,True,0nXlU9IfgrhI5tZo3KktvM
spotify:track:0bpGAYzvCLRKQiziU3DHMn,0bpGAYzvCLRKQiziU3DHMn,High Octane Perpetual Emasculation Machine,Olivia Neutered John,2018.0,,Metal,Grindcore,142500.0,False,0.945,0.335,0.421,0.0118,0.896,0.0653,0.207,-7.65,119.95,7,0,4.0,0.0,4586673.567397686,,True,0bpGAYzvCLRKQiziU3DHMn
spotify:track:3mAht0g2Fa1fg6SkC54kgx,3mAht0g2Fa1fg6SkC54kgx,Your Pretty Smile,Damien Dempsey,2014.0,,Folk,Singer-Songwriter,255085.0,False,0.611,0.755,0.65,0.241,9.13e-06,0.0344,0.212,-6.69,125.477,6,0,4.0,12.0,4772644.424528316,,True,3mAht0g2Fa1fg6SkC54kgx
spotify:track:02mKBC66Hc5gtieTpmh080,02mKBC66Hc5gtieTpmh080,埋葬冬天,Silence Wang,2010.0,,Folk,Singer-Songwriter,257408.0,False,0.468,0.538,0.636,0.194,0.00037,0.0363,0.184,-11.41,90.032,0,0,4.0,22.0,7054401.036787172,,True,02mKBC66Hc5gtieTpmh080
spotify:track:0Hx8VV8a1V40ereYNFZOwk,0Hx8VV8a1V40ereYNFZOwk,The Storm,Jody Reynolds,2003.0,,Rock,Rock N Roll,155733.0,False,0.377,0.487,0.611,0.464,0.0328,0.0335,0.188,-10.659,111.037,0,0,4.0,1.0,3317456.532000056,,True,0Hx8VV8a1V40ereYNFZOwk
spotify:track:5rBDAsAgsGMDTsYEVxSb0W,5rBDAsAgsGMDTsYEVxSb0W,Waterside,Stereo Express,2016.0,,Electronic,Deep House,172166.0,False,0.849,0.504,0.723,0.391,1.51e-05,0.0372,0.211,-4.986,123.955,4,0,4.0,32.0,3874170.566877439,,True,5rBDAsAgsGMDTsYEVxSb0W
spotify:track:6cxWaIYWcFnGbWbW0aUN4A,6cxWaIYWcFnGbWbW0aUN4A,Sex Machine,Dope,2005.0,,Rock,Alt-Rock,171067.0,False,0.967,0.653,0.445,3.49e-06,0.768,0.0633,0.369,-5.08,74.994,11,0,4.0,30.0,3340116.667746828,,True,6cxWaIYWcFnGbWbW0aUN4A
spotify:track:7irADdakEzMDftXU9efrAk,7irADdakEzMDftXU9efrAk,Slave to the Hurt,ilyTOMMY,2017.0,,Pop,Mood Pop,125989.0,False,0.169,0.362,0.347,0.765,0.0606,0.0743,0.291,-19.153,112.395,9,1,4.0,29.0,9368142.282804186,,True,7irADdakEzMDftXU9efrAk
spotify:track:65p1BLj8pYwTpjrIflUIvc,65p1BLj8pYwTpjrIflUIvc,Break the Silence,Killswitch Engage,2006.0,,Metal,Metal,272107.0,False,0.952,0.317,0.493,8.14e-05,0.0103,0.0633,0.363,-2.851,133.991,5,0,4.0,40.0,1202289.2225244474,,True,65p1BLj8pYwTpjrIflUIvc
spotify:track:4BpMEmysttF6z7BjSCUmU9,4BpMEmysttF6z7BjSCUmU9,Get Down,Tiësto,2015.0,,Electronic,EDM,211874.0,False,0.984,0.345,0.801,0.113,0.432,0.0967,0.0311,-4.021,128.047,1,1,4.0,44.0,742817.6132943846,,True,4BpMEmysttF6z7BjSCUmU9
spotify:track:0HoxJw3Gt3w4psA1cC3Yn7,0HoxJw3Gt3w4psA1cC3Yn7,The Hunter,Adam Jensen,2018.0,,Rock,Alt-Rock,210972.0,False,0.762,0.564,0.527,0.222,0.000283,0.0778,0.0765,-3.36,82.464,4,0,4.0,57.0,2264796.935630122,,True,0HoxJw3Gt3w4psA1cC3Yn7
spotify:track:2Nt2c4lib0B0ECoER7QYtS,2Nt2c4lib0B0ECoER7QYtS,Roman de quart,Aníbal Troilo,2003.0,,Latin,Tango,154013.0,False,0.552,0.638,0.445,0.886,6.36e-05,0.0622,0.116,-8.202,95.676,3,0,3.0,0.0,2681467.67313684,,True,2Nt2c4lib0B0ECoER7QYtS
spotify:track:1lU7vLPklipyKExWchqrHW,1lU7vLPklipyKExWchqrHW,Haunted,Type O Negative,2013.0,,Rock,Gothic Rock,607227.0,False,0.579,0.0643,0.235,0.604,0.656,0.0474,0.24,-9.852,67.279,6,1,3.0,14.0,2686949.0441455697,,True,1lU7vLPklipyKExWchqrHW
spotify:track:7Id9WVdUZXIK1jchXxvRH3,7Id9WVdUZXIK1jchXxvRH3,Deja Vu (feat. Jay-Z) - Homecoming Live,Beyoncé,2019.0,,Electronic,Dance,289790.0,False,0.684,0.154,0.772,0.00534,2.66e-06,0.14,0.7,-8.742,105.975,6,1,4.0,52.0,1771215.9039777808,,True,7Id9WVdUZXIK1jchXxvRH3
spotify:track:2EvZWnXwWOIXFe5s2IdDv1,2EvZWnXwWOIXFe5s2IdDv1,Theorie Amerikaan - Original Mix,The Mauskovic Dance Band,2020.0,,World,Afrobeat,260903.0,False,0.91,0.983,0.817,0.00448,0.552,0.0574,0.0816,-12.422,152.37,1,0,4.0,9.0,7079041.60270974,,True,2EvZWnXwWOIXFe5s2IdDv1
spotify:track:2tK3QcQF4E188y1DgawsZO,2tK3QcQF4E188y1DgawsZO,Under Fire,Green River Ordinance,2012.0,,Folk,Acoustic,260973.0,False,0.574,0.126,0.488,0.00392,0.000223,0.0267,0.0953,-6.049,111.997,1,1,4.0,6.0,2982398.481494379,,True,2tK3QcQF4E188y1DgawsZO
spotify:track:27YhQIuCgSFOiX2uzbCaw9,27YhQIuCgSFOiX2uzbCaw9,Close Your Eyes,Club des Belugas,2012.0,,Electronic,Electro,251267.0,False,0.559,0.539,0.821,0.787,0.0529,0.0784,0.156,-12.41,104.034,6,1,4.0,35.0,2272735.3164576543,,True,27YhQIuCgSFOiX2uzbCaw9
