source_row,track_id,title,title_normalized,track_artist,release_year,duration_ms,explicit_flag,energy,valence,danceability,acousticness,instrumentalness,loudness,tempo,genre_l1,genre_l2,track_popularity,streams_total,streams_source,streams_total_estimated,possible_duplicate,unusual_duration
41971,spotify:track:5cXq69EbEhTaWE7lUTOwsK,We're All Going Home,were all going home,The Wanderer,2019,184746,False,0.379,0.685,0.623,0.855,0.033,-11.835,167.825,Folk,Singer-Songwriter,53,1633113.054692513,,True,False,False
4761,spotify:track:3fRIuTih8bzc0vtY9fHhvF,Talento De Televisión,talento de televisin,Willie Colón,2010,279320,False,0.796,0.938,0.779,0.701,3.99e-05,-6.675,104.947,,,70,2175208.405423942,,True,False,False
4943,spotify:track:4jtyUzZm9WLc2AdaJ1dso7,0 To 100 / The Catch Up,0 to 100  the catch up,Drake,2013,275227,False,0.716,0.504,0.559,0.737,0.0,-3.964,176.618,Hip-Hop,Hip-Hop,69,71827840.0,arc7_chart_dump,False,True,False
792254,spotify:track:4vaUZU6lqbjuqkucuN71PL,イワンのばか'07,07,Kinniku Shōjo Tai,2007,355307,False,0.992,0.107,0.405,0.00265,0.0992,-3.263,160.033,Metal,Heavy Metal,8,4299447.4230954405,,True,False,False
1035552,spotify:track:5VutilW5JgVFxcKe0f1gME,Illegal Manufacture,illegal manufacture,Agoraphobic Nosebleed,2003,8307,False,0.988,0.0,0.0,0.00109,0.999,-2.625,40.0,Metal,Grindcore,0,952357.4740515464,,True,False,True
871130,spotify:track:0mkjekH9rwp4Fg5PxzUTrd,0 To 100 / The Catch Up,0 to 100  the catch up,Drake,2013,275227,False,0.716,0.504,0.559,0.737,0.0,-3.964,176.618,R&B,Urban Contemporary,5,71827840.0,arc7_chart_dump,False,True,False
800961,spotify:track:2Q5cMgzptSupzvvWtZTyVg,,,The Duskfall,2005,281533,False,0.942,0.0724,0.366,5.87e-06,0.0219,-5.425,88.689,World,Nordic,8,2032031.160018603,,True,False,False
1067724,spotify:track:3VKFip3OdAvv4OfNTgFWeQ,,,,2012,252773,False,0.919,0.726,0.675,0.0606,0.00653,-6.075,97.017,Latin,Reggaeton,0,3699500.75,,True,False,False
221692,spotify:track:1SanRTG8EZRb9U1V4NUSKp,The Damp Chill of Life,the damp chill of life,,2019,630715,False,0.586,0.0536,0.303,0.00349,0.467,-8.194,121.604,Metal,Black Metal,34,3699500.75,,True,False,False
269923,spotify:track:773j5fNWIjO0EWqAiX8Quo,It's Painless to Let Go,its painless to let go,,2019,356752,False,0.356,0.0562,0.0966,0.0048,0.509,-8.289,85.559,Metal,Black Metal,31,3699500.75,,True,False,False
43112,spotify:track:46Qy1xAr2K7rylRYwdQ6Gw,House of Pain,house of pain,Faster Pussycat,1989,346627,False,0.61,0.232,0.519,0.0766,6.49e-05,-10.256,121.324,Rock,Hard Rock,53,3595813.4580136104,,True,True,False
381640,spotify:track:0w8BWMeN4xhxkQ6BQPBt0A,Entre Amigos e Whisky,entre amigos e whisky,Chico Rey & Paraná,2006,197107,False,0.563,0.662,0.644,0.339,0.0,-6.202,118.071,Latin,Sertanejo,25,2422370.726215146,,True,True,False
438439,spotify:track:2EEv9sjk4jc7LLS45rGbtp,Backlash - Martin Garrix Edit,backlash  martin garrix edit,DubVision,2014,376063,False,0.825,0.314,0.679,0.00702,0.00207,-6.059,126.986,Electronic,Progressive House,22,6162205.815014699,,True,True,False
188772,spotify:track:27Mvfc9nYszQDF6S84J39D,No Tengo Dinero,no tengo dinero,Righeira,2017,200783,False,0.799,0.862,0.794,0.352,8.26e-05,-8.448,128.395,Electronic,Disco,36,1023792.5022629744,,True,True,False
813375,spotify:track:58t8HnRotKL7OBl2LYXK8O,Luz Negra,luz negra,Baden Powell,2021,154671,False,0.506,0.753,0.652,0.472,0.905,-12.556,109.045,Latin,Samba,7,5312771.901159296,,True,True,False
1157552,spotify:track:2uQXyWMdVntwSfXIH71h2K,Ragam Tanam Pallavi,ragam tanam pallavi,T. M. Krishna,2005,1712040,False,0.305,0.323,0.438,0.859,0.000746,-13.819,102.513,World,Indian,0,4024726.531433196,,True,False,True
784456,spotify:track:0XnQUU1H1uB6xcDWoZ1qLX,Schumann Resonances for Sleeping (Deep Sleep),schumann resonances for sleeping deep sleep,Sleep Music Lullabies,2014,1472052,False,0.181,0.0352,0.2,0.946,0.808,-19.386,89.292,Pop,Mood Pop,8,3128238.361039643,,True,False,True
1091502,spotify:track:3WN5kla6n8Kpk7lGPDzWQa,Sleep 3,sleep 3,Absolute Sleep Music,2004,1630507,False,0.105,0.036,0.0889,0.906,0.957,-23.098,81.312,Pop,Mood Pop,0,1328325.2992441102,,True,False,True
1095105,spotify:track:3yysIiIH2HWKzL7bAQx4Ax,"Der blutige und sterbende Jesus, Pt. 1: No. 25, Kein König nimmt der Sklaven Urteil an",der blutige und sterbende jesus pt 1 no 25 kein knig nimmt der sklaven urteil an,Reinhard Keiser,2019,14200,False,0.0147,0.0,0.0,0.982,0.0,-24.467,40.0,Classical,Opera,0,2077827.0087137297,,True,False,True
315358,spotify:track:1kWVnVe0aebyt9XlJ4WeEx,"Shine On You Crazy Diamond, Pts. 1-6 - Live At Wembley 1974 (2011 Mix)",shine on you crazy diamond pts 16  live at wembley 1974 2011 mix,Pink Floyd,2020,1221850,False,0.459,0.152,0.272,0.589,0.299,-11.683,141.648,Rock,Psych-Rock,28,9959489.475889469,,True,False,True
971428,spotify:track:1z4gFsibtnG71sDEbVnPWe,Recordando Todo,recordando todo,Guayacán Orquesta,2002,284693,False,0.656,0.884,0.53,0.401,0.000786,-8.374,161.945,,,2,3632586.083674574,,True,False,False
959565,spotify:track:30ffH8St3fcDK2h3EpzrYI,Me Está Doliendo el Alma - Bolero,me est doliendo el alma  bolero,Orquesta La Terrifica,2000,219760,False,0.357,0.483,0.405,0.636,5.35e-06,-8.769,141.809,,,2,4053213.894920167,,True,False,False
1033376,spotify:track:6HZcKF36gEZNjyx86hA0gx,Nuestra Realidad,nuestra realidad,La Sonora Matancera,2002,141040,False,0.393,0.616,0.714,0.792,1.41e-05,-10.219,115.533,,,0,4963740.286843243,,True,False,False
1102746,spotify:track:5SP1K4ig7JfbxlhJ4SPLRg,Para el Rey,para el rey,Gerardo Rosales,2001,343880,False,0.395,0.868,0.83,0.48,0.0709,-13.954,137.231,,,0,3844721.682958944,,True,False,False
574186,spotify:track:76IGx0ip1DwcpBJEZ7Us9i,La Esencia del Guaguancó,la esencia del guaguanc,Oscar D'León,2012,415907,False,0.901,0.743,0.631,0.372,0.000347,-4.866,98.627,,,16,4644927.059141268,,True,False,False
124526,spotify:track:0Pi3EGc1AQrZjFq0bqZxvW,Saknade Vänner,saknade vnner,Kapten Röd,2011,226031,False,0.713,0.825,0.645,0.148,0.0,-8.543,90.008,Reggae,Dancehall,41,864191.8742248386,,True,False,False
1052428,spotify:track:1RfSDO2D63ItZiXBdkSMn4,Saudade e Solidão,saudade e solidao,Eli Silva e Zé Goiano,2007,188533,False,0.53,0.735,0.408,0.549,0.0,-5.89,79.714,Latin,Sertanejo,0,3007873.7358385697,,True,False,False
2311,spotify:track:6vFsBXYczYsP0H3lgunZOm,Cloud 9,cloud 9,Beach Bunny,2020,147351,False,0.929,0.902,0.637,0.00167,2.62e-05,-3.593,80.974,Pop,Indie Pop,74,31676799.0,arc7_chart_dump,False,True,False
982976,spotify:track:50RTeDKSrf2Zc57Q31WUkm,Blaze (Baobinga & ID Remix) - SW Edit,blaze baobinga  id remix  sw edit,Stanton Warriors,2008,309053,False,0.955,0.654,0.745,0.0111,0.292,-2.921,132.982,Electronic,Breakbeat,1,1398341.8093088986,,True,False,False
1035536,spotify:track:3NwKnHnIw1SHHxZb3BXlEm,Sex im Auto,sex im auto,Schnitte,2009,203627,False,0.989,0.764,0.745,0.0155,0.0,-2.129,140.031,Pop,Party,0,2767531.9027014123,,True,False,False
392659,spotify:track:2E8uxBTFhVxVoA4HN6QzZH,Hiedra,hiedra,Celtian,2021,255800,False,0.854,0.471,0.412,0.00374,0.0013,-2.648,148.071,Latin,Spanish,24,9326276.589168662,,True,False,False
1094097,spotify:track:0KVpAr567OVUD1yn8J4uZ5,Ese Rere,ese rere,Kola Ogunkoya,2020,532403,False,0.648,0.742,0.587,0.19,0.0,-12.688,110.235,World,Afrobeat,0,3030794.669734718,,True,False,False
248547,spotify:track:11tOhJJcKNclUixBg2cbT4,Agoro,agoro,Juls,2017,240588,False,0.569,0.188,0.799,0.004,0.0,-10.085,110.978,Reggae,Dancehall,32,5405374.837812446,,True,False,False
1168828,spotify:track:30CqmllBMyOrstoGqGia2C,Varnam - Amrithavarshini - Adi,varnam  amrithavarshini  adi,Lalgudi G.J.R. Krishnan,2012,340000,False,0.524,0.963,0.611,0.864,0.621,-15.849,159.855,World,Indian,0,4424606.307670884,,True,False,False
272698,spotify:track:4D5z1PDuxP12Uyke7s19Mg,Cigar Store,cigar store,SHANK,2010,151031,False,0.986,0.297,0.467,6.78e-05,0.0,-4.171,108.436,Rock,Punk Rock,31,4388607.000028123,,True,False,False
886037,spotify:track:7zlvUa2UEAmUC2gieVf0L3,It Shall Be (feat. John P. Kee),it shall be feat john p kee,The New Life Community Choir,2007,343467,False,0.859,0.512,0.486,0.0329,0.0,-3.293,139.641,Gospel,Gospel,5,3818506.613056879,,True,False,False
1161791,spotify:track:4QyTOdGHOtyDplpRjWGO5n,Future's Bright - Harvey's Connoisseurs Dub,futures bright  harveys connoisseurs dub,Sound 5,2000,309000,False,0.436,0.401,0.523,0.137,0.608,-15.465,62.009,Electronic,Progressive House,0,2419421.016571938,,True,False,False
90733,spotify:track:4dUZ3Blvr3MB1cXT2aGAjN,Veneno E Remédio,veneno e remdio,Maiara & Maraisa,2020,184597,False,0.871,0.646,0.775,0.156,0.0,-2.223,130.174,Latin,Sertanejo,45,1653883.6296641184,,True,False,False
82325,spotify:track:11F35JnHM8PhNqXloxWFKT,THE BADDEST FEMALE,the baddest female,CL,2013,223034,False,0.84,0.674,0.725,0.00456,0.0,-4.861,140.055,Pop,K-Pop,46,2146401.4961545747,,True,False,False
109630,spotify:track:0sRCmIxg5XlyPPrvxTlwEr,Crazy,crazy,Mushroomhead,2003,250200,False,0.992,0.23,0.476,0.000101,0.000219,-2.75,104.972,Rock,Alt-Rock,43,1538886.4577070244,,True,False,False
1030860,spotify:track:6deJ0sjnKJ7UblTpdT9IvL,Deusa de Itamaracá,deusa de itamarac,Asas Livres,2013,216478,False,0.518,0.893,0.822,0.244,0.0,-11.465,128.047,Latin,Forró,0,3656260.656870189,,True,False,False
579925,spotify:track:7senk3HcRwyZh2YoNX8Vb5,Handel: Arrival of the Queen of Sheba,handel arrival of the queen of sheba,George Frideric Handel,2008,210653,False,0.286,0.552,0.518,0.787,0.932,-17.042,108.484,Classical,Classical,16,3576368.090099591,,True,False,False
645428,spotify:track:6WmY3N5YiCzHZKoevkZGhV,Woke Up Dead - William H. Bonney,woke up dead  william h bonney,Planet of Zeus,2008,277893,False,0.869,0.563,0.569,5.57e-05,0.00465,-4.827,139.983,Rock,Psych-Rock,13,2959574.9089312125,,True,False,False
411294,spotify:track:1lygnppedPGNedvzOGM3eF,Blauer Fleck,blauer fleck,Joel Brandenstein,2020,213907,False,0.579,0.579,0.68,0.109,6.9e-05,-7.535,144.02,World,German,23,7637127.5936008915,,True,False,False
60889,spotify:track:7BLKBIoijWCkDyOATEr5vW,Cherish,cherish,Madonna,2009,229600,False,0.875,0.9,0.692,0.289,3.27e-05,-4.528,131.877,Electronic,Dance,49,925974.349205974,,True,False,False
1069581,spotify:track:69gRFGOWY9OMpFJgFol1u0,,,,2012,282707,False,0.821,0.649,0.714,0.041,0.0,-7.635,95.999,Hip-Hop,Southern Hip-Hop,0,3699500.75,,True,False,False
889576,spotify:track:55GLqgrt8vVPiRURB3K9HS,Another Hundred People,another hundred people,Mandy Patinkin,2002,153360,False,0.424,0.677,0.478,0.913,0.0638,-10.919,94.521,Classical,Show Tunes,5,4144856.7450060993,,True,False,False
367779,spotify:track:01CIPywxEgidvvdn2FQSJw,"12 Variations in C Major on ""Ah, vous dirai-je Maman"", K. 265: Variation No. 12",12 variations in c major on ah vous diraije maman k 265 variation no 12,Lang Lang,2019,87040,False,0.216,0.428,0.295,0.958,0.808,-19.904,136.82,Classical,Classical,25,3821783.5249166335,,True,False,False
808119,spotify:track:6U7uc6ivVwCGzZEogXgD8P,Jill's Song,jills song,Adam Rafferty,2008,348560,False,0.168,0.14,0.482,0.698,0.00246,-19.238,77.229,Instrumental,Guitar,8,2468225.9626135984,,True,False,False
582851,spotify:track:4JjgmMGPOu59eB0fSOhUYT,Ego War - Contains Hidden Track 'Somewhere In The Middle',ego war  contains hidden track somewhere in the middle,Audio Bullys,2003,805227,False,0.0035,0.966,0.545,0.00756,0.0902,-6.087,120.068,Electronic,Electronic,16,4158821.346242714,,True,False,False
