track_id,spotify_id,title,title_normalized,track_artist,album_id,album_name,release_year,release_date,duration_ms,explicit_flag,has_audio_features,source_dataset,energy,valence,danceability,acousticness,instrumentalness,speechiness,liveness,loudness,tempo,key,key_name,mode,mode_name,time_signature,genre_l1,genre_l2,genre_raw,track_popularity,streams_total,streams_source,streams_total_estimated,stream_density,chart_peak_position,weeks_on_chart,chart_date_first,popularity_imputed_aug,track_age_days,era,decade,energy_loudness_ratio,mood_index,acoustic_synthetic_ratio,emotional_arc,tempo_band,is_likely_instrumental,is_likely_live,is_likely_spoken_word,loudness_war_index,novelty_score,hit_probability,mood_cluster,taste_cluster,fp_energy,fp_valence,fp_danceability,fp_acousticness,fp_instrumentalness,fp_speechiness,fp_liveness,mean_energy_by_artist,sonic_evolution_score,genre_breadth,catalog_size,career_start_year,career_end_year,career_span_years,longevity_score,hit_rate,artist_stream_mean_log,artist_stream_median_log,mean_energy_by_decade,mean_valence_by_decade,mean_tempo_by_decade,mean_loudness_by_decade,acousticness_decline_idx,danceability_trend,decade_track_count,anomaly_flags,has_anomaly,release_year_precision_aug,dashboard_eligible,duration_over_one_hour,invalid_time_signature,streams_status
spotify:track:5cXq69EbEhTaWE7lUTOwsK,5cXq69EbEhTaWE7lUTOwsK,We're All Going Home,were all going home,The Wanderer,,,2019,,184746,False,True,arc8_spotify_1m,0.379,0.685,0.623,0.855,0.033,0.0348,0.0909,-11.835,167.825,2,D,1,major,4,Folk,Singer-Songwriter,singer-songwriter,53,1633113.054692513,,True,624.9954,,,,False,2583.0,2011-2020,2010,0.032023657,0.426755,5.896511,Q4_content,very_fast,False,False,False,-3.3465722,0.1342400461435318,0.004868578,calm_positive,,0.28710616,0.51891214,0.47194493,0.6476933,0.024998687,0.026362253,0.06886002,0.379,0.0,1.0,1.0,2019,2019,0.0,0.0,0.0,15.123709,15.123709,0.65155417,0.4408061,121.858284,-8.588164,0.3056625,0.54267156,530477,,False,False,True,False,False,estimated
spotify:track:4o1ZHV2KKDlRhFbL3Cn8Re,4o1ZHV2KKDlRhFbL3Cn8Re,Merry Shrovetide (sung in russian) (Power of Evil),merry shrovetide  sung in russian power of evil,Ivan Petrov,,,2006,,199733,False,True,arc8_spotify_1m,0.312,0.545,0.438,0.98,0.00147,0.0997,0.374,-12.685,76.879,5,F,1,major,3,Pop,Romantic,romance,0,2964274.502553325,,True,402.69998,,,,False,7331.0,2000-2010,2000,0.024595978,0.23871,48.99755,Q4_content,slow,False,False,False,-3.5615776,0.4675557315349579,0.0009736821,calm_positive,,0.23954463,0.41843534,0.3362838,0.75241584,0.0011286237,0.07654679,0.28714645,0.2006,0.22751606,1.0,34.0,2006,2021,15.0,0.03529412,0.0,15.123709,15.123709,0.6312587,0.48796645,120.71666,-9.304721,0.33361596,0.5311358,446445,,False,False,True,False,False,estimated
spotify:track:3VKFip3OdAvv4OfNTgFWeQ,3VKFip3OdAvv4OfNTgFWeQ,,,,717UG2du6utFe7CdmpuUe3,,2012,2012-01-05,252773,False,True,tidytuesday_spotify,0.919,0.726,0.675,0.0606,0.00653,0.0366,0.103,-6.075,97.017,11,B,0,minor,,Latin,Reggaeton,latin,0,3699500.75,,True,715.70917,,,,False,5139.0,2011-2020,2010,0.1512757,0.49005,0.06450919,Q1_euphoric,slow,False,False,False,2.5501916,0.2319888770580291,0.0049058693,happy_energetic_4,,0.6769578,0.53478926,0.49722144,0.044639435,0.0048101568,0.026960451,0.07587231,,,,,,,,,,15.123709,15.123709,0.65155417,0.4408061,121.858284,-8.588164,0.3056625,0.54267156,530477,,False,False,False,False,False,estimated
spotify:track:1saXdvEAafdRzUphXBzSHg,1saXdvEAafdRzUphXBzSHg,Ocean Waves for Sleep,ocean waves for sleep,Ocean Waves For Sleep,,,2010,,4120258,False,True,arc8_spotify_1m,0.995,1e-05,0.0797,0.932,0.562,0.0612,0.31,-17.379,84.788,1,C#,1,major,3,Pop,Mood Pop,sleep,51,1128725.2280942665,,True,191.30936,,,,False,5870.0,2000-2010,2010,0.057253003,7.97e-07,13.705681,Q2_angry,slow,False,False,False,-8.619513,1.0,0.00048143722,melancholic_7,,0.658855,6.6216585e-06,0.05277462,0.61713856,0.37213722,0.040524554,0.20527142,0.5424292838427948,0.38261738,1.0,229.0,2001,2022,21.0,3.5168123,0.0,15.123709,15.123709,0.65155417,0.4408061,121.858284,-8.588164,0.3056625,0.54267156,530477,EXTREME_DURATION,True,False,True,True,False,estimated
spotify:track:2bRKxuH1o7pTmb1y4GfdEc,2bRKxuH1o7pTmb1y4GfdEc,Clean White Noise - Loopable with no fade,clean white noise  loopable with no fade,White Noise Baby Sleep,,,2017,,90228,False,True,arc8_spotify_1m,0.00342,0.0,0.0,0.791,1.0,0.0,0.111,-28.46,40.0,8,G#,1,major,0,Pop,Mood Pop,sleep,87,22941256.975895654,,True,6862.476,,,,False,3313.0,2011-2020,2010,0.000120168654,0.0,3.7846708,Q3_depressed,very_slow,True,False,False,-19.829056,0.8991227149963379,0.000529825,sad_slow,,0.00267219,0.0,0.0,0.61804163,0.78134215,0.0,0.086728975,0.2266818979381443,0.08317665,1.0,97.0,2011,2022,11.0,3.95433,0.0206185567010309,15.123709,15.123709,0.65155417,0.4408061,121.858284,-8.588164,0.3056625,0.54267156,530477,,False,False,True,False,True,estimated
spotify:track:0yLdNVWF3Srea0uzk55zFn,0yLdNVWF3Srea0uzk55zFn,Flowers,flowers,Miley Cyrus,7I0tjwFtxUwBC1vgyeMAax,Flowers,2023,,200455,False,True,arc8_spotify_1m,0.681,0.646,0.707,0.0632,5.15e-06,0.0668,0.0322,-4.325,117.999,0,C,1,major,4,Pop,Pop,pop,100,1316855716.0,arc2_2023_top,False,1143103.9,,,,False,1122.0,2021+,2020,0.1574566,0.456722,0.06746364,Q1_euphoric,medium,False,False,False,5.3088365,0.3224283456802368,0.013096647,happy_energetic_4,,0.57752955,0.54784745,0.59957916,0.05359745,4.367514e-06,0.05665047,0.027307564,0.7198481012658228,0.029008616,5.0,79.0,2007,2023,16.0,9.527088,0.3164556962025316,15.259783,14.625661,0.6326946,0.42611775,121.80236,-9.080332,0.32361323,0.54911494,201603,,False,False,True,False,False,direct
spotify:track:0sf12qNH5qcw8qpgymFOqD,0sf12qNH5qcw8qpgymFOqD,Blinding Lights,blinding lights,The Weeknd,2ZfHkwHuoAZrlz7RMj0PDz,Blinding Lights,2019,2019-11-29,201573,False,True,tidytuesday_spotify,0.796,0.345,0.513,0.00147,0.000209,0.0629,0.0938,-4.075,171.017,1,C#,1,major,,Pop,Dance Pop,pop,98,585904.0,arc7_chart_dump,False,224.22656,1.0,90.0,2019-12-14,False,2583.0,2011-2020,2010,0.19533737,0.176985,0.0014721627,Q2_angry,very_fast,False,False,False,4.413428,0.3295025527477264,0.0029446906,angry_intense,taste_cluster_32,0.7848683,0.34017533,0.50582594,0.0014494427,0.00020607722,0.06202037,0.092488244,0.6153069306930693,0.030783858,10.0,202.0,2011,2023,12.0,6.3130693,0.2277227722772277,16.908499,16.825632,0.65155417,0.4408061,121.858284,-8.588164,0.3056625,0.54267156,530477,,False,False,True,False,False,direct
spotify:track:21jGcNKet2qwijlDFuPiPb,21jGcNKet2qwijlDFuPiPb,Circles,circles,Post Malone,4g1ZRSobMefqF6nelkgibi,Hollywood's Bleeding,2019,2019-09-06,215280,False,True,tidytuesday_spotify,0.762,0.553,0.695,0.192,0.00244,0.0395,0.0863,-3.497,120.042,0,C,1,major,,Latin,Latin Hip-Hop,latin,98,598521764.0,arc7_chart_dump,False,229055.4,1.0,61.0,2019-09-14,False,2583.0,2011-2020,2010,0.21790099,0.384335,0.23762347,Q1_euphoric,fast,False,False,False,4.991428,0.4493249356746673,0.0061942553,happy_energetic_4,taste_cluster_32,0.6405044,0.46482798,0.5841871,0.16138694,0.002050959,0.033202,0.07254007,0.6299310344827587,0.0,9.0,29.0,2015,2019,4.0,2.3365517,0.4482758620689655,19.166843,19.821402,0.65155417,0.4408061,121.858284,-8.588164,0.3056625,0.54267156,530477,,False,False,True,False,False,direct
spotify:track:2b8fOow8UzyDFAE27YhOZM,2b8fOow8UzyDFAE27YhOZM,Memories,memories,Maroon 5,3nR9B40hYLKLcR0Eph3Goc,Memories,2019,2019-09-20,189486,False,True,tidytuesday_spotify,0.32,0.575,0.764,0.837,0.0,0.0546,0.0822,-7.209,91.019,11,B,1,major,,Pop,Dance Pop,pop,98,159686092.0,arc7_chart_dump,False,61112.168,2.0,41.0,2019-10-05,False,2583.0,2011-2020,2010,0.044388954,0.4393,5.134938,Q4_content,slow,False,False,False,1.2794279,0.3580194413661957,0.010202876,calm_positive,taste_cluster_32,0.24350072,0.43754038,0.581358,0.6369066,0.0,0.041547313,0.06254925,0.6976481481481481,0.057203103,8.0,108.0,2002,2023,21.0,9.028055,0.1759259259259259,16.226562,17.687323,0.65155417,0.4408061,121.858284,-8.588164,0.3056625,0.54267156,530477,,False,False,True,False,False,direct
spotify:track:7k4t7uLgtOxPwTpFmtJNTY,7k4t7uLgtOxPwTpFmtJNTY,Tusa,tusa,KAROL G,7mKevNHhVnZER3BLgI8O4F,Tusa,2019,2019-11-07,200960,True,True,tidytuesday_spotify,0.715,0.574,0.803,0.295,0.000134,0.298,0.0574,-3.28,101.085,2,D,1,major,,Pop,Dance Pop,pop,98,56824409.0,arc7_chart_dump,False,21746.809,,,,False,2583.0,2011-2020,2010,0.21798773,0.460922,0.41843912,Q1_euphoric,medium,False,False,False,5.208428,0.633587121963501,0.01018457,happy_energetic,taste_cluster_5,0.5541747,0.44488993,0.62238085,0.2286455,0.00010385932,0.23097074,0.044488993,0.7434444444444445,0.0,4.0,9.0,2015,2019,4.0,2.8222222,0.5555555555555556,17.855476,17.855476,0.65155417,0.4408061,121.858284,-8.588164,0.3056625,0.54267156,530477,,False,False,True,False,False,direct
spotify:track:0nbXyq5TXYPCO7pr3N8S4I,0nbXyq5TXYPCO7pr3N8S4I,The Box,the box,Roddy Ricch,52u4anZbHd6UInnmHRFzba,Please Excuse Me For Being Antisocial,2019,2019-12-06,196653,True,True,tidytuesday_spotify,0.586,0.642,0.896,0.104,0.0,0.0559,0.79,-6.687,116.971,10,A#,0,minor,,Hip-Hop,Trap,rap,98,504210201.0,arc7_chart_dump,False,192962.19,1.0,38.0,2019-12-21,False,2583.0,2011-2020,2010,0.08763271,0.575232,0.1160713,Q1_euphoric,medium,False,False,False,1.8014278,0.7137042880058289,0.015587127,happy_energetic_4,taste_cluster_30,0.39540327,0.43318924,0.60457563,0.07017396,0.0,0.0377185,0.53305215,0.5347142857142857,0.0,4.0,7.0,2018,2019,1.0,0.83428574,1.0,18.170351,17.823177,0.65155417,0.4408061,121.858284,-8.588164,0.3056625,0.54267156,530477,,False,False,True,False,False,direct
spotify:track:4TnjEaWOeW0eKTKIEvJyCa,4TnjEaWOeW0eKTKIEvJyCa,Falling,falling,Trevor Daniel,1Czfd5tEby3DbdYNdqzrCa,Falling,2018,2018-10-05,159382,False,True,tidytuesday_spotify,0.43,0.236,0.784,0.123,0.0,0.0364,0.0887,-8.756,127.087,10,A#,0,minor,,Pop,Electropop,pop,97,234818302.0,arc7_chart_dump,False,78851.01,17.0,38.0,2019-11-30,False,2948.0,2011-2020,2010,0.049109176,0.185024,0.1402507,Q3_depressed,fast,False,False,False,-0.072311565,0.4880859553813934,0.01237862,melancholic_6,taste_cluster_32,0.4584926,0.25163782,0.8359493,0.13115022,0.0,0.038811933,0.094577424,0.47125,0.06764655,2.0,4.0,2018,2020,2.0,1.445,0.5,19.274323,19.274323,0.65155417,0.4408061,121.858284,-8.588164,0.3056625,0.54267156,530477,,False,False,True,False,False,direct
spotify:track:4nrPB8O7Y7wsOCJdgXkthe,4nrPB8O7Y7wsOCJdgXkthe,"Shakira: Bzrp Music Sessions, Vol. 53",shakira bzrp music sessions vol 53,Bizarrap,1gi2iwr1l8IUyHYHxi01pg,"Shakira: Bzrp Music Sessions, Vol. 53",2023,,218289,False,True,arc8_spotify_1m,0.632,0.498,0.778,0.274,0.0,0.0493,0.0915,-5.6,122.104,2,D,0,minor,4,Hip-Hop,Hip-Hop,hip-hop,96,168237697.07436818,,True,146039.67,,,,False,1122.0,2021+,2020,0.112857126,0.387444,0.37740993,Q2_angry,fast,False,False,False,4.0338364,0.541645348072052,0.016369456,melancholic_6,,0.5462522,0.4304329,0.67244333,0.23682451,0.0,0.042611126,0.07908556,0.7084347826086956,0.08239937,2.0,23.0,2019,2023,4.0,2.747826,0.5217391304347826,17.735424,17.735424,0.6326946,0.42611775,121.80236,-9.080332,0.32361323,0.54911494,201603,,False,False,True,False,False,estimated
spotify:track:7oDd86yk8itslrA9HRP2ki,7oDd86yk8itslrA9HRP2ki,Die For You - Remix,die for you  remix,The Weeknd,6Exo0MYoL3XammoTDeihFy,Die For You (Remix),2023,,232857,False,True,arc8_spotify_1m,0.525,0.502,0.531,0.232,0.0,0.0671,0.441,-6.5,66.9,1,C#,0,minor,4,Pop,Pop,pop,95,240869086.0,arc7_chart_dump,False,209087.75,43.0,3.0,2016-12-17,False,1122.0,2021+,2020,0.08076922,0.266562,0.30208293,Q1_euphoric,very_slow,False,False,False,3.1338365,0.4842957258224487,0.006098768,melancholic_6,,0.50934935,0.487035,0.5151705,0.22508392,0.0,0.06509971,0.4278535,0.6153069306930693,0.030783858,10.0,202.0,2011,2023,12.0,6.3130693,0.2277227722772277,16.908499,16.825632,0.6326946,0.42611775,121.80236,-9.080332,0.32361323,0.54911494,201603,,False,False,True,False,False,direct
spotify:track:41L3O37CECZt3N7ziG2z7l,41L3O37CECZt3N7ziG2z7l,Yummy,yummy,Justin Bieber,1SN6N3fNkZk5oXQ9X46QZ3,Yummy,2020,2020-01-03,210427,False,True,tidytuesday_spotify,0.519,0.495,0.662,0.404,0.0,0.106,0.121,-6.554,145.841,9,A,0,minor,,Latin,Latin Pop,latin,95,66838785.0,arc7_chart_dump,False,29745.787,2.0,15.0,2020-01-18,False,2217.0,2011-2020,2020,0.07918827,0.32769,0.6778512,Q2_angry,very_fast,False,False,False,2.378563,0.6967636942863464,0.01085779,melancholic_6,taste_cluster_32,0.48572114,0.46326005,0.61955184,0.3780951,0.0,0.09920316,0.113241345,0.6237333333333334,0.08129553,5.0,90.0,2009,2023,14.0,7.4915557,0.2,16.86768,16.933271,0.6326946,0.42611775,121.80236,-9.080332,0.32361323,0.54911494,201603,,False,False,True,False,False,direct
spotify:track:1Qrg8KqiBpW07V7PNxwwwL,1Qrg8KqiBpW07V7PNxwwwL,Kill Bill,kill bill,SZA,1nrVofqDRs7cpWXJ49qTnP,SOS,2022,,153947,False,True,arc8_spotify_1m,0.735,0.418,0.644,0.0521,0.144,0.0391,0.161,-5.747,88.98,8,G#,1,major,4,Pop,Pop,pop,94,49884805.0,arc7_chart_dump,False,32883.85,,,,False,1487.0,2021+,2020,0.12789279,0.269192,0.054963544,Q2_angry,slow,False,False,False,3.2172036,0.3448570966720581,0.008927828,melancholic_6,,0.67645466,0.38470483,0.5927031,0.047950048,0.13252988,0.035985544,0.14817578,0.5454905660377358,0.017381208,1.0,53.0,2014,2023,9.0,6.3356605,0.6037735849056604,16.04204,16.369005,0.6326946,0.42611775,121.80236,-9.080332,0.32361323,0.54911494,201603,,False,False,True,False,False,direct
spotify:track:7aiClxsDWFRQ0Kzk5KI5ku,7aiClxsDWFRQ0Kzk5KI5ku,hot girl bummer,hot girl bummer,blackbear,37CqAwxTungNxKpIK5vSgE,hot girl bummer,2019,2019-08-23,185093,True,True,tidytuesday_spotify,0.559,0.678,0.778,0.128,0.0,0.0776,0.399,-7.109,129.989,6,F#,0,minor,,Electronic,Pop EDM,edm,94,312411378.0,arc7_chart_dump,False,119560.42,11.0,42.0,2019-09-28,False,2583.0,2011-2020,2010,0.078632705,0.527484,0.14678882,Q1_euphoric,fast,False,False,False,1.3794279,0.6006305813789368,0.009145789,happy_energetic_4,taste_cluster_32,0.44769374,0.5429988,0.62308717,0.10251306,0.0,0.06214854,0.3195524,0.6007603305785124,0.13576132,6.0,121.0,2014,2022,8.0,3.8638017,0.0743801652892562,15.481786,14.906966,0.65155417,0.4408061,121.858284,-8.588164,0.3056625,0.54267156,530477,,False,False,True,False,False,direct
spotify:track:7qEHsqek33rTcFNT9PFqLf,7qEHsqek33rTcFNT9PFqLf,Someone You Loved,someone you loved,Lewis Capaldi,5658aM19fA3JVwTK6eQX70,Divinely Uninspired To A Hellish Extent,2019,2019-05-17,182161,False,True,tidytuesday_spotify,0.405,0.446,0.501,0.751,0.0,0.0319,0.105,-5.679,109.891,1,C#,1,major,,Pop,Pop,pop,94,410725370.0,arc7_chart_dump,False,157185.38,1.0,54.0,2019-05-25,False,2583.0,2011-2020,2010,0.07131536,0.223446,3.0160522,Q3_depressed,medium,False,False,False,2.809428,0.4836888611316681,0.0032313426,melancholic_7,taste_cluster_32,0.37126517,0.40885004,0.45926875,0.6884448,0.0,0.02924286,0.09625393,0.519095238095238,0.060418345,4.0,21.0,2017,2022,5.0,3.6047618,0.5238095238095238,17.593327,19.17032,0.65155417,0.4408061,121.858284,-8.588164,0.3056625,0.54267156,530477,,False,False,True,False,False,direct
spotify:track:5DxXgozhkPLgrbKFY91w0c,5DxXgozhkPLgrbKFY91w0c,Vete,vete,Bad Bunny,3fxzSn0ObgCjLadyR53ohN,Vete,2019,2019-11-21,192024,False,True,tidytuesday_spotify,0.672,0.526,0.886,0.0363,8.78e-06,0.188,0.101,-4.394,91.976,1,C#,1,major,,Latin,Latin Hip-Hop,latin,93,62061796.0,arc7_chart_dump,False,23751.166,33.0,18.0,2019-12-07,False,2583.0,2011-2020,2010,0.15293579,0.466036,0.037667286,Q1_euphoric,slow,False,False,False,4.094428,0.6518779993057251,0.015388011,melancholic_6,taste_cluster_5,0.5380101,0.42112103,0.7093407,0.029062154,7.029358e-06,0.15051472,0.08086164,0.607,0.0,4.0,33.0,2016,2019,3.0,1.7681818,0.5757575757575758,15.652811,15.377487,0.65155417,0.4408061,121.858284,-8.588164,0.3056625,0.54267156,530477,,False,False,True,False,False,direct
spotify:track:0TK2YIli7K1leLovkQiNik,0TK2YIli7K1leLovkQiNik,Señorita,seorita,Shawn Mendes,2ZaX1FdZCwchXl1QZiD4O4,Señorita,2019,2019-06-21,190960,False,True,tidytuesday_spotify,0.54,0.75,0.759,0.037,0.0,0.0287,0.0945,-6.039,116.947,9,A,0,minor,,R&B,R&B,r&b,93,236868842.0,arc7_chart_dump,False,90650.15,,,,False,2583.0,2011-2020,2010,0.08941876,0.56925,0.03842156,Q1_euphoric,medium,False,False,False,2.4494278,0.6035587191581726,0.008225185,happy_energetic_4,taste_cluster_32,0.4497964,0.62471724,0.63221383,0.030819384,0.0,0.023905845,0.07871437,0.6140266666666666,0.04659875,7.0,75.0,2015,2023,8.0,4.4650664,0.2133333333333333,15.96235,16.161072,0.65155417,0.4408061,121.858284,-8.588164,0.3056625,0.54267156,530477,,False,False,True,False,False,direct
spotify:track:1HfMVBKM75vxSfsQ5VefZ5,1HfMVBKM75vxSfsQ5VefZ5,Lose You To Love Me,lose you to love me,Selena Gomez,3tBkjgxDqAwss76O1YHsSY,Lose You To Love Me,2019,2019-10-23,206459,False,True,tidytuesday_spotify,0.34,0.0916,0.505,0.576,0.0,0.0438,0.21,-9.005,101.993,4,E,1,major,,Electronic,Pop EDM,edm,93,109150331.0,arc7_chart_dump,False,41772.035,1.0,23.0,2019-11-02,False,2583.0,2011-2020,2010,0.037756797,0.046258,1.3584874,Q3_depressed,medium,False,False,False,-0.5165721,0.3425236344337463,0.0040529706,melancholic,taste_cluster_32,0.39082783,0.10529362,0.5804943,0.6621083,0.0,0.05034782,0.24139366,0.6912352941176471,0.12180973,6.0,85.0,2008,2023,15.0,7.7664704,0.1529411764705882,16.218485,17.063734,0.65155417,0.4408061,121.858284,-8.588164,0.3056625,0.54267156,530477,,False,False,True,False,False,direct
spotify:track:2ksOAxtIxY8yElEWw8RhgK,2ksOAxtIxY8yElEWw8RhgK,China,china,Anuel AA,1PTTAq0OxggVgqP5WTYWDh,China,2019,2019-07-19,301714,False,True,tidytuesday_spotify,0.808,0.609,0.786,0.0846,0.000289,0.0882,0.0822,-3.702,105.027,7,G,1,major,,Pop,Dance Pop,pop,93,48374018.0,arc7_chart_dump,False,18512.828,,,,False,2583.0,2011-2020,2010,0.21826035,0.478674,0.092418514,Q1_euphoric,medium,False,False,False,4.786428,0.3687542974948883,0.008902255,happy_energetic_4,taste_cluster_32,0.6265196,0.4722159,0.6094609,0.065598466,0.0002240893,0.068389885,0.06373751,0.7138666666666666,0.0,4.0,15.0,2016,2019,3.0,1.456,0.4,17.481562,17.481562,0.65155417,0.4408061,121.858284,-8.588164,0.3056625,0.54267156,530477,,False,False,True,False,False,direct
spotify:track:57vxBYXtHMk6H1aD29V7PU,57vxBYXtHMk6H1aD29V7PU,Heartless,heartless,The Weeknd,7vRcickwa6GCfY1qKKe4lK,Heartless,2019,2019-11-27,200080,False,True,tidytuesday_spotify,0.75,0.198,0.531,0.00632,7.6e-05,0.111,0.117,-5.831,169.954,10,A#,0,minor,,Pop,Dance Pop,pop,93,115431955.0,arc7_chart_dump,False,44176.027,1.0,23.0,2019-12-07,False,2583.0,2011-2020,2010,0.12862286,0.105138,0.00636019,Q2_angry,very_fast,False,False,False,2.6574278,0.3977658748626709,0.0035048749,angry_intense,taste_cluster_32,0.7863368,0.20759292,0.55672646,0.0066261985,7.9682126e-05,0.116377845,0.12266854,0.6153069306930693,0.030783858,10.0,202.0,2011,2023,12.0,6.3130693,0.2277227722772277,16.908499,16.825632,0.65155417,0.4408061,121.858284,-8.588164,0.3056625,0.54267156,530477,,False,False,True,False,False,direct
spotify:track:0WtM2NBVQNNJLh6scP13H8,0WtM2NBVQNNJLh6scP13H8,Calm Down (with Selena Gomez),calm down with selena gomez,Rema,2b2GHWESCWEuHiCZ2Skedp,Calm Down (with Selena Gomez),2022,,239318,False,True,arc8_spotify_1m,0.806,0.802,0.801,0.382,0.000669,0.0381,0.114,-5.206,106.999,11,B,1,major,4,Pop,Pop,pop,93,51404619.29870994,,True,33885.707,,,,False,1487.0,2021+,2020,0.15482134,0.642402,0.618122,Q1_euphoric,medium,False,False,False,3.7582037,0.3778100311756134,0.019547425,happy_energetic,,0.556881,0.5541173,0.5534264,0.26393119,0.00046222503,0.026324028,0.0787648,0.7605000000000001,0.046669047,2.0,4.0,2019,2022,3.0,2.2425,0.5,17.239737,17.239737,0.6326946,0.42611775,121.80236,-9.080332,0.32361323,0.54911494,201603,,False,False,True,False,False,estimated
spotify:track:4uUG5RXrOk84mYEfFvj3cK,4uUG5RXrOk84mYEfFvj3cK,I'm Good (Blue),im good blue,David Guetta,7M842DMhYVALrXsw3ty7B3,I'm Good (Blue),2022,,175238,True,True,arc8_spotify_1m,0.965,0.304,0.561,0.00383,7.07e-06,0.0343,0.371,-3.673,128.04,7,G,0,minor,4,Electronic,Dance,dance,93,75294822.0,arc7_chart_dump,False,49634.027,,,,False,1487.0,2021+,2020,0.26272795,0.170544,0.0038447215,Q2_angry,fast,False,False,False,5.2912035,0.3480442762374878,0.0060460987,angry_intense,,0.79397804,0.25012365,0.46157688,0.0031512291,5.817021e-06,0.02822119,0.3052496,0.7727019867549668,0.042093515,12.0,302.0,2002,2023,21.0,7.1100993,0.0264900662251655,15.211418,15.262747,0.6326946,0.42611775,121.80236,-9.080332,0.32361323,0.54911494,201603,,False,False,True,False,False,direct
spotify:track:5ww2BF9slyYgNOk37BlC4u,5ww2BF9slyYgNOk37BlC4u,La Bachata,la bachata,Manuel Turizo,1TpGeAzOJgAGdPkcWl95r2,La Bachata,2022,,162638,False,True,arc8_spotify_1m,0.679,0.85,0.835,0.583,1.98e-06,0.0364,0.218,-5.329,124.98,7,G,0,minor,4,Pop,Pop,pop,93,46825328.0,arc7_chart_dump,False,30867.059,,,,False,1487.0,2021+,2020,0.127416,0.70975,1.3980782,Q1_euphoric,fast,False,False,False,3.6352036,0.4298912286758423,0.023697881,happy_energetic,,0.4507174,0.5642265,0.55426955,0.386993,1.3143158e-06,0.02416217,0.1447075,0.5941538461538461,0.11832254,5.0,13.0,2016,2022,6.0,4.126154,0.3846153846153846,17.661934,17.661934,0.6326946,0.42611775,121.80236,-9.080332,0.32361323,0.54911494,201603,,False,False,True,False,False,direct
spotify:track:5ZULALImTm80tzUbYQYM9d,5ZULALImTm80tzUbYQYM9d,Dance Monkey,dance monkey,Tones and I,2pJXQvY0YeDvVJ9gMU9G7j,The Kids Are Coming,2019,2019-08-29,209438,False,True,tidytuesday_spotify,0.588,0.513,0.824,0.692,0.000104,0.0924,0.149,-6.4,98.027,6,F#,0,minor,,Latin,Latin Pop,latin,92,256274759.0,arc7_chart_dump,False,98076.83,4.0,36.0,2019-10-19,False,2583.0,2011-2020,2010,0.09187499,0.422712,2.246746,Q1_euphoric,slow,False,False,False,2.0884278,0.6772390604019165,0.012183421,melancholic_7,,0.43857497,0.3826343,0.6146017,0.51614606,7.757109e-05,0.06891893,0.1111355,0.4911111111111111,0.0,4.0,9.0,2019,2019,0.0,0.0,0.5555555555555556,18.093441,19.361761,0.65155417,0.4408061,121.858284,-8.588164,0.3056625,0.54267156,530477,,False,False,True,False,False,direct
spotify:track:285pBltuF7vW8TeWk8hdRR,285pBltuF7vW8TeWk8hdRR,Lucid Dreams,lucid dreams,Juice WRLD,6tkjU4Umpo79wwkgPMV3nZ,Goodbye & Good Riddance,2018,2018-12-10,239836,True,True,tidytuesday_spotify,0.566,0.218,0.511,0.349,0.0,0.2,0.34,-7.23,83.903,6,F#,0,minor,,R&B,R&B,r&b,92,864832399.0,arc7_chart_dump,False,290407.12,2.0,48.0,2018-05-26,False,2948.0,2011-2020,2010,0.07828491,0.111398,0.53609747,Q2_angry,slow,False,False,False,1.4536884,0.4960518479347229,0.003570855,melancholic,,0.59450567,0.22897922,0.53673565,0.36657682,0.0,0.21007268,0.35712355,0.5953571428571429,0.0,6.0,14.0,2018,2019,1.0,0.5757143,0.6428571428571429,19.329453,19.910824,0.65155417,0.4408061,121.858284,-8.588164,0.3056625,0.54267156,530477,,False,False,True,False,False,direct
spotify:track:3VyjsVV24RmBIbWJAeUJNu,3VyjsVV24RmBIbWJAeUJNu,No Idea,no idea,Don Toliver,1jAxVdQ2FFtbHu6kLNM0au,No Idea,2019,2019-05-29,153750,False,True,tidytuesday_spotify,0.614,0.35,0.656,0.558,0.000862,0.102,0.215,-4.973,128.038,6,F#,0,minor,,Electronic,Pop EDM,edm,92,93790452.0,arc7_chart_dump,False,35893.78,43.0,11.0,2019-12-14,False,2583.0,2011-2020,2010,0.12346669,0.2296,1.2624406,Q2_angry,fast,False,False,False,3.5154278,0.4792139828205108,0.006123197,melancholic_7,taste_cluster_30,0.53896457,0.30722734,0.57583183,0.48980817,0.00075665704,0.08953482,0.18872537,0.7015,0.0,2.0,2.0,2019,2019,0.0,0.0,1.0,17.491705,17.491705,0.65155417,0.4408061,121.858284,-8.588164,0.3056625,0.54267156,530477,,False,False,True,False,False,direct
spotify:track:6Gg1gjgKi2AK4e0qzsR7sd,6Gg1gjgKi2AK4e0qzsR7sd,Bandit (with YoungBoy Never Broke Again),bandit with youngboy never broke again,Juice WRLD,3t6Z2qoBVCS4NHNI25XECH,Bandit (with YoungBoy Never Broke Again),2019,2019-10-04,189323,False,True,tidytuesday_spotify,0.631,0.425,0.474,0.0687,0.0,0.343,0.132,-5.884,180.051,5,F,0,minor,,Hip-Hop,Gangsta Rap,rap,92,428935865.3440936,,True,164154.56,,,,False,2583.0,2011-2020,2010,0.107239954,0.20145,0.073767774,Q2_angry,very_fast,False,False,False,2.6044278,0.3958344161510467,0.0025443765,melancholic_6,taste_cluster_30,0.64970297,0.43759713,0.4880495,0.07073629,0.0,0.3531666,0.13591251,0.5953571428571429,0.0,6.0,14.0,2018,2019,1.0,0.5757143,0.6428571428571429,19.329453,19.910824,0.65155417,0.4408061,121.858284,-8.588164,0.3056625,0.54267156,530477,,False,False,True,False,False,estimated
spotify:track:2tTmW7RDtMQtBk7m2rYeSw,2tTmW7RDtMQtBk7m2rYeSw,"Quevedo: Bzrp Music Sessions, Vol. 52",quevedo bzrp music sessions vol 52,Bizarrap,4PNqWiJAfjj32hVvlchV5u,"Quevedo: Bzrp Music Sessions, Vol. 52",2022,,198938,False,True,arc8_spotify_1m,0.782,0.55,0.621,0.0125,0.033,0.044,0.23,-5.548,128.033,2,D,1,major,4,Hip-Hop,Hip-Hop,hip-hop,92,50396055.0,arc7_chart_dump,False,33220.867,,,,False,1487.0,2021+,2020,0.14095166,0.34155,0.012658215,Q1_euphoric,fast,False,False,False,3.4162037,0.3606442213058471,0.008862727,happy_energetic_4,,0.6716106,0.4723604,0.53333783,0.010735464,0.028341623,0.03778883,0.19753253,0.7084347826086956,0.08239937,2.0,23.0,2019,2023,4.0,2.747826,0.5217391304347826,17.735424,17.735424,0.6326946,0.42611775,121.80236,-9.080332,0.32361323,0.54911494,201603,,False,False,True,False,False,direct
spotify:track:0V3wPSX9ygBnCm8psDIegu,0V3wPSX9ygBnCm8psDIegu,Anti-Hero,antihero,Taylor Swift,151w1FgRZfnKZA9FEcg9Z3,Midnights,2022,,200690,False,True,arc8_spotify_1m,0.643,0.533,0.637,0.13,1.8e-06,0.0519,0.142,-6.571,97.008,4,E,1,major,4,Pop,Pop,pop,92,124825787.0,arc7_chart_dump,False,82284.63,,,,False,1487.0,2021+,2020,0.09785419,0.339521,0.14942512,Q1_euphoric,slow,False,False,False,2.3932037,0.3937800526618957,0.009380525,melancholic_6,,0.6014168,0.4985306,0.59580487,0.12159283,1.683593e-06,0.0485436,0.13281679,0.60315770609319,0.03905098,5.0,279.0,2006,2023,17.0,10.560717,0.3333333333333333,16.000519,16.207474,0.6326946,0.42611775,121.80236,-9.080332,0.32361323,0.54911494,201603,,False,False,True,False,False,direct
spotify:track:65FftemJ1DbbZ45DUfHJXE,65FftemJ1DbbZ45DUfHJXE,OMG,omg,NewJeans,,,2023,,212253,False,True,arc8_spotify_1m,0.771,0.739,0.804,0.357,3.07e-06,0.0433,0.108,-4.067,126.956,9,A,0,minor,4,Pop,K-Pop,k-pop,92,430977451.0,arc2_2023_top,False,374112.38,,,,False,1122.0,2021+,2020,0.18957458,0.594156,0.5552091,Q1_euphoric,fast,False,False,False,5.5668364,0.3926487267017364,0.019686028,happy_energetic,,0.5552707,0.5322244,0.5790371,0.25710973,2.2109998e-06,0.03118446,0.0777811,0.6798333333333333,0.0,1.0,6.0,2022,2023,1.0,0.85333335,1.0,17.05126,17.418606,0.6326946,0.42611775,121.80236,-9.080332,0.32361323,0.54911494,201603,,False,False,True,False,False,direct
spotify:track:3nqQXoyQOWXiESFLlDF1hG,3nqQXoyQOWXiESFLlDF1hG,Unholy (feat. Kim Petras),unholy feat kim petras,Sam Smith,0gX9tkL5njRax8ymWcXARi,Unholy (feat. Kim Petras),2022,,156943,False,True,arc8_spotify_1m,0.472,0.238,0.714,0.013,4.51e-06,0.0864,0.266,-7.375,131.121,2,D,1,major,4,Pop,Pop,pop,92,120201022.0,arc7_chart_dump,False,79236.01,,,,False,1487.0,2021+,2020,0.06399999,0.169932,0.013171213,Q3_depressed,fast,False,False,False,1.5892036,0.4008707404136657,0.011817582,melancholic_6,,0.50673246,0.25551343,0.7665402,0.013956616,4.841872e-06,0.09275781,0.2855738,0.4484893617021276,0.07643969,6.0,47.0,2014,2023,9.0,5.3712764,0.3617021276595745,16.34754,16.99922,0.6326946,0.42611775,121.80236,-9.080332,0.32361323,0.54911494,201603,,False,False,True,False,False,direct
spotify:track:78Sw5GDo6AlGwTwanjXbGh,78Sw5GDo6AlGwTwanjXbGh,Here With Me,here with me,d4vd,0OuoHWf8yB0TPzoBWw1R1S,Here With Me,2022,,242485,False,True,arc8_spotify_1m,0.469,0.288,0.574,0.534,9.21e-05,0.0254,0.128,-8.209,132.023,4,E,1,major,4,Pop,Pop,pop,92,30491119.0,arc7_chart_dump,False,20099.617,,,,False,1487.0,2021+,2020,0.057132408,0.165312,1.1459203,Q3_depressed,fast,False,False,False,0.75520366,0.2299051880836486,0.0070015844,melancholic,,0.48514086,0.29791164,0.5937545,0.5523778,9.5269665e-05,0.026274152,0.13240518,0.5790000000000001,0.0,1.0,9.0,2022,2023,1.0,0.7222222,0.5555555555555556,17.887213,17.887213,0.6326946,0.42611775,121.80236,-9.080332,0.32361323,0.54911494,201603,,False,False,True,False,False,direct
spotify:track:4h9wh7iOZ0GGn8QVp4RAOB,4h9wh7iOZ0GGn8QVp4RAOB,I Ain't Worried,i aint worried,OneRepublic,04PEOM6kIEeq9lRp1asNP2,"I Ainât Worried (Music From The Motion Picture ""Top Gun: Maverick"")",2022,,148486,False,True,arc8_spotify_1m,0.797,0.825,0.704,0.0826,0.000745,0.0475,0.0546,-5.927,139.994,0,C,1,major,4,Classical,Piano,piano,91,122488638.0,arc7_chart_dump,False,80743.99,,,,False,1487.0,2021+,2020,0.13446936,0.5808,0.090036966,Q1_euphoric,fast,False,False,False,3.0372036,0.2522405982017517,0.013956665,happy_energetic_4,,0.59020674,0.61094177,0.521337,0.061168227,0.00055169896,0.035175435,0.040433235,0.6982097902097901,0.06536192,5.0,143.0,2007,2023,16.0,6.486154,0.0629370629370629,15.341608,16.444702,0.6326946,0.42611775,121.80236,-9.080332,0.32361323,0.54911494,201603,,False,False,True,False,False,direct
spotify:track:1M4qEo4HE3PRaCOM7EXNJq,1M4qEo4HE3PRaCOM7EXNJq,Adore You,adore you,Harry Styles,5SL9nXZYZZl68bHwaM8uLa,Adore You,2019,2019-12-06,207133,False,True,tidytuesday_spotify,0.771,0.569,0.676,0.0237,7e-06,0.0483,0.102,-3.675,99.048,8,G#,1,major,,Latin,Latin Hip-Hop,latin,91,264055553.0,arc7_chart_dump,False,101054.555,6.0,50.0,2019-12-21,False,2583.0,2011-2020,2010,0.20979586,0.384644,0.024275301,Q1_euphoric,slow,False,False,False,4.813428,0.3267654180526733,0.005677359,happy_energetic_4,taste_cluster_32,0.6543123,0.4828842,0.5736902,0.020113103,5.940579e-06,0.040989995,0.086562715,0.5913684210526317,3.6261885e-05,2.0,38.0,2017,2022,5.0,3.8210526,0.8421052631578947,16.983788,17.10165,0.65155417,0.4408061,121.858284,-8.588164,0.3056625,0.54267156,530477,,False,False,True,False,False,direct
spotify:track:5stPVcRqb4qixbafP9e8lt,5stPVcRqb4qixbafP9e8lt,Hola - Remix,hola  remix,Dalex,65Pp2tO1Ul66KcCmmkRGWZ,Hola (Remix),2019,2019-11-01,249520,False,True,tidytuesday_spotify,0.672,0.343,0.654,0.471,0.0,0.311,0.0781,-5.98,181.857,0,C,0,minor,,R&B,R&B,r&b,91,23349926.51750857,,True,8936.061,,,,False,2583.0,2011-2020,2010,0.11237457,0.224322,0.8903575,Q2_angry,very_fast,False,False,False,2.5084279,0.6133354902267456,0.005800578,melancholic_7,taste_cluster_45,0.5845444,0.2983612,0.56888694,0.409703,0.0,0.27052575,0.06793589,0.6178,0.0,5.0,10.0,2018,2019,1.0,0.623,0.6,15.123709,15.123709,0.65155417,0.4408061,121.858284,-8.588164,0.3056625,0.54267156,530477,,False,False,True,False,False,estimated
spotify:track:2Ec33AVlkTTq8BHFgBTdQs,2Ec33AVlkTTq8BHFgBTdQs,Futsal Shuffle 2020,futsal shuffle 2020,Lil Uzi Vert,4uTOUYhLrGRKkfxfPKTkuy,Futsal Shuffle 2020,2019,2019-12-12,198913,False,True,tidytuesday_spotify,0.457,0.296,0.881,0.0327,0.0,0.156,0.231,-8.191,136.97,7,G,0,minor,,R&B,R&B,r&b,91,71462560.0,arc7_chart_dump,False,27348.855,5.0,11.0,2019-12-28,False,2583.0,2011-2020,2010,0.055792935,0.260776,0.033805404,Q3_depressed,fast,False,False,False,0.29742786,0.581829309463501,0.018131986,melancholic_6,taste_cluster_30,0.42589694,0.2758545,0.82103986,0.030474463,0.0,0.14538278,0.21527833,0.6286666666666667,0.0,7.0,9.0,2015,2019,4.0,2.671111,0.5555555555555556,18.404467,18.484999,0.65155417,0.4408061,121.858284,-8.588164,0.3056625,0.54267156,530477,,False,False,True,False,False,direct
spotify:track:0fea68AdmYNygeTGI4RC18,0fea68AdmYNygeTGI4RC18,LA CANCIÓN,la cancin,J Balvin,6ylFfzx32ICw4L1A7YWNLN,OASIS,2019,2019-06-28,242573,False,True,tidytuesday_spotify,0.646,0.429,0.754,0.152,1.85e-05,0.317,0.108,-5.795,176.089,7,G,1,major,,Latin,Latin Hip-Hop,latin,91,123298668.0,arc7_chart_dump,False,47186.633,,,,False,2583.0,2011-2020,2010,0.11147539,0.323466,0.17924507,Q2_angry,very_fast,False,False,False,2.6934278,0.3118129372596741,0.008783694,melancholic_6,taste_cluster_5,0.56546485,0.37551767,0.6600008,0.13305055,1.6193653e-05,0.27748042,0.094535924,0.74188,0.032463126,8.0,50.0,2010,2020,10.0,4.77,0.38,15.812424,16.302153,0.65155417,0.4408061,121.858284,-8.588164,0.3056625,0.54267156,530477,,False,False,True,False,False,direct
spotify:track:5XeFesFbtLpXzIVDNQP22n,5XeFesFbtLpXzIVDNQP22n,I Wanna Be Yours,i wanna be yours,Arctic Monkeys,78bpIziExqiI9qztvNFlQu,AM,2013,,183956,False,True,arc8_spotify_1m,0.417,0.479,0.464,0.136,0.022,0.0256,0.0974,-9.345,67.528,0,C,0,minor,4,Electronic,Garage,garage,91,32996699.0,arc7_chart_dump,False,6868.5884,,,,False,4774.0,2011-2020,2010,0.044622786,0.222256,0.15740722,Q3_depressed,very_slow,False,False,False,-0.7620277,0.5777292847633362,0.0027314688,melancholic_6,,0.51812315,0.5951582,0.5765207,0.16898021,0.027335033,0.031808037,0.121019654,0.764448275862069,0.07467644,3.0,145.0,2005,2022,17.0,8.122482,0.0620689655172413,14.598555,13.361771,0.65155417,0.4408061,121.858284,-8.588164,0.3056625,0.54267156,530477,,False,False,True,False,False,direct
spotify:track:1Y3LN4zO1Edc2EluIoSPJN,1Y3LN4zO1Edc2EluIoSPJN,Until I Found You (with Em Beihold) - Em Beihold Version,until i found you with em beihold  em beihold version,Stephen Sanchez,7ARtQpvnPN2ucbmVHngLOs,Until I Found You (Em Beihold Version),2022,,176440,False,True,arc8_spotify_1m,0.55,0.342,0.551,0.777,0.0,0.0286,0.202,-5.339,101.19,10,A#,1,major,3,Pop,Pop,pop,91,82815420.3973181,,True,54591.574,,,,False,1487.0,2021+,2020,0.10301553,0.188442,3.4842894,Q2_angry,medium,False,False,False,3.6252036,0.3290846645832062,0.0062850253,melancholic_7,,0.47016862,0.29235938,0.47102344,0.66422004,0.0,0.024448767,0.17268011,0.4261052631578947,0.0,2.0,19.0,2020,2023,3.0,1.8552631,0.2631578947368421,17.285236,17.285236,0.6326946,0.42611775,121.80236,-9.080332,0.32361323,0.54911494,201603,,False,False,True,False,False,estimated
spotify:track:2oiixB9QMIzhWaHGVlQx4g,2oiixB9QMIzhWaHGVlQx4g,Yandel 150,yandel 150,Yandel,,,2022,,216148,False,True,arc8_spotify_1m,0.729,0.58,0.783,0.0492,0.000272,0.0691,0.1,-3.549,167.968,6,F#,0,minor,4,Hip-Hop,Hip-Hop,hip-hop,91,23211902.177381877,,True,15301.1875,,,,False,1487.0,2021+,2020,0.20540991,0.45414,0.051745843,Q1_euphoric,very_fast,False,False,False,5.4152036,0.4329229891300201,0.017640246,happy_energetic_4,,0.5955983,0.4738642,0.6397167,0.040196754,0.00022222598,0.056455202,0.08170073,0.7965555555555556,0.045984983,3.0,27.0,2003,2023,20.0,10.4,0.1481481481481481,14.647212,14.647212,0.6326946,0.42611775,121.80236,-9.080332,0.32361323,0.54911494,201603,,False,False,True,False,False,estimated
spotify:track:1lRtH4FszTrwwlK5gTSbXO,1lRtH4FszTrwwlK5gTSbXO,AMG,amg,Natanael Cano,,,2022,,174943,False,True,arc8_spotify_1m,0.73,0.786,0.772,0.152,0.000107,0.0972,0.274,-6.657,136.175,11,B,0,minor,3,Pop,Mood Pop,sad,91,31242709.21715053,,True,20595.062,,,,False,1487.0,2021+,2020,0.10965899,0.606792,0.17924507,Q1_euphoric,fast,False,False,False,2.3072035,0.3827368021011352,0.018042423,happy_energetic_4,,0.53608286,0.577207,0.566926,0.111622736,7.857653e-05,0.0713798,0.20121466,0.6762839506172839,0.0029331837,1.0,81.0,2018,2023,5.0,2.7783952,0.1111111111111111,15.123709,15.123709,0.6326946,0.42611775,121.80236,-9.080332,0.32361323,0.54911494,201603,,False,False,True,False,False,estimated
spotify:track:4iZ4pt7kvcaH6Yo8UoZ4s2,4iZ4pt7kvcaH6Yo8UoZ4s2,Snooze,snooze,SZA,07w0rG5TETcyihsEIZR3qG,SOS,2022,,201800,True,True,arc8_spotify_1m,0.551,0.392,0.559,0.141,0.0,0.132,0.11,-7.231,143.008,5,F,1,major,4,Pop,Pop,pop,90,16647244.0,arc7_chart_dump,False,10973.793,,,,False,1487.0,2021+,2020,0.07619969,0.219128,0.16414416,Q2_angry,very_fast,False,False,False,1.7332036,0.2172295153141021,0.006868573,melancholic_6,,0.60879296,0.43311587,0.6176321,0.15578912,0.0,0.14584514,0.12153762,0.5454905660377358,0.017381208,1.0,53.0,2014,2023,9.0,6.3356605,0.6037735849056604,16.04204,16.369005,0.6326946,0.42611775,121.80236,-9.080332,0.32361323,0.54911494,201603,,False,False,True,False,False,direct
spotify:track:1e9oZCCiX42nJl0AcqriVo,1e9oZCCiX42nJl0AcqriVo,Watermelon Sugar,watermelon sugar,Harry Styles,659e2eKbsMH0vYCs5qgFmy,Watermelon Sugar,2019,2019-11-17,174000,False,True,tidytuesday_spotify,0.816,0.557,0.548,0.122,0.0,0.0465,0.335,-4.209,95.39,0,C,1,major,,Latin,Latin Hip-Hop,latin,90,409073262.0,arc7_chart_dump,False,156553.11,1.0,39.0,2019-11-30,False,2583.0,2011-2020,2010,0.19387023,0.305236,0.138952,Q1_euphoric,slow,False,False,False,4.279428,0.3962251543998718,0.0031728186,happy_energetic_4,taste_cluster_32,0.688251,0.4697988,0.4622078,0.10290028,0.0,0.03922019,0.28255406,0.5913684210526317,3.6261885e-05,2.0,38.0,2017,2022,5.0,3.8210526,0.8421052631578947,16.983788,17.10165,0.65155417,0.4408061,121.858284,-8.588164,0.3056625,0.54267156,530477,,False,False,True,False,False,direct
spotify:track:1xK59OXxi2TAAAbmZK0kBL,1xK59OXxi2TAAAbmZK0kBL,Romantic Homicide,romantic homicide,d4vd,4B3FsNFguOEJ4TWEsct83B,Romantic Homicide,2022,,132631,False,True,arc8_spotify_1m,0.544,0.216,0.571,0.453,0.00805,0.0299,0.322,-10.613,132.052,6,F#,1,major,4,Pop,Pop,pop,90,112839982.0,arc7_chart_dump,False,74383.64,,,,False,1487.0,2021+,2020,0.051257886,0.123336,0.82815206,Q2_angry,fast,False,False,False,-1.6487963,0.3615839779376983,0.0065989746,melancholic,,0.54994833,0.21836182,0.5772435,0.45795327,0.008138022,0.030226937,0.32552087,0.5790000000000001,0.0,1.0,9.0,2022,2023,1.0,0.7222222,0.5555555555555556,17.887213,17.887213,0.6326946,0.42611775,121.80236,-9.080332,0.32361323,0.54911494,201603,,False,False,True,False,False,direct
spotify:track:1bDbXMyjaUIooNwFE9wn0N,1bDbXMyjaUIooNwFE9wn0N,Rich Flex,rich flex,Drake,5MS3MvWHJ3lOZPLiMxzOU6,Her Loss,2022,,239360,True,True,arc8_spotify_1m,0.52,0.424,0.561,0.0503,1.86e-06,0.244,0.355,-9.342,153.15,11,B,0,minor,3,Hip-Hop,Hip-Hop,hip-hop,90,97928728.0,arc7_chart_dump,False,64554.203,,,,False,1487.0,2021+,2020,0.055662595,0.237864,0.05296404,Q2_angry,very_fast,False,False,False,-0.37779635,0.2874332070350647,0.00712733,melancholic_6,,0.5326717,0.43433228,0.5746708,0.05152574,1.9053257e-06,0.24994595,0.36365086,0.5593114754098361,0.08893066,9.0,305.0,2009,2022,13.0,7.372492,0.2065573770491803,16.699438,16.785341,0.6326946,0.42611775,121.80236,-9.080332,0.32361323,0.54911494,201603,,False,False,True,False,False,direct
spotify:track:0t3ZvGKlmYmVsDzBJAXK8C,0t3ZvGKlmYmVsDzBJAXK8C,Goodbyes (feat. Young Thug),goodbyes feat young thug,Post Malone,4g1ZRSobMefqF6nelkgibi,Hollywood's Bleeding,2019,2019-09-06,174853,True,True,tidytuesday_spotify,0.653,0.163,0.548,0.456,0.0,0.081,0.103,-3.875,150.068,5,F,1,major,,Latin,Latin Hip-Hop,latin,90,24812837.0,arc7_chart_dump,False,9495.919,,,,False,2583.0,2011-2020,2010,0.16851608,0.089324,0.83823377,Q2_angry,very_fast,False,False,False,4.613428,0.5584959387779236,0.00404809,melancholic,,0.6601728,0.16479047,0.55401945,0.4610089,0.0,0.08188974,0.1041314,0.6299310344827587,0.0,9.0,29.0,2015,2019,4.0,2.3365517,0.4482758620689655,19.166843,19.821402,0.65155417,0.4408061,121.858284,-8.588164,0.3056625,0.54267156,530477,,False,False,True,False,False,direct
spotify:track:6ocbgoVGwYJhOv1GgI9NsF,6ocbgoVGwYJhOv1GgI9NsF,7 rings,7 rings,Ariana Grande,2fYhqwDWXjbpjaIJPEfKFw,"thank u, next",2019,2019-02-08,178627,True,True,tidytuesday_spotify,0.317,0.327,0.778,0.592,0.0,0.334,0.0881,-10.732,140.048,1,C#,0,minor,,Pop,Pop,pop,90,449362.0,arc7_chart_dump,False,171.97168,1.0,33.0,2019-02-02,False,2583.0,2011-2020,2010,0.029537829,0.254406,1.4509768,Q3_depressed,very_fast,False,False,False,-2.2435722,0.6576657295227051,0.012030518,melancholic,,0.27991965,0.2887499,0.6869952,0.52275217,0.0,0.29493108,0.0777947,0.6065827338129496,0.06869367,10.0,139.0,2011,2021,10.0,5.6230216,0.1942446043165467,16.418343,16.400513,0.65155417,0.4408061,121.858284,-8.588164,0.3056625,0.54267156,530477,,False,False,True,False,False,direct
