genre_l1,decade,valid_tracks,avg_track_popularity,avg_streams_total
Blues,2000,7898,18.407444922765258,3399957.486766287
Blues,2010,8569,23.441358384875716,5246098.9203050155
Blues,2020,3215,24.657853810264385,5475175.123730757
Classical,2000,22066,12.718616876642798,3945041.575195536
Classical,2010,26040,17.21977726574501,5661621.698353577
Classical,2020,10117,21.48008302856578,4508646.312200434
Country,2000,7399,25.37005000675767,3594674.0209327545
Country,2010,7697,35.257762764713526,5103214.136983493
Country,2020,2787,47.32508073196986,4347853.633890232
Electronic,1970,4,24.0,3151170.0933623277
Electronic,1980,5,37.4,2427104.851696231
Electronic,1990,10,39.3,2204293.5071851653
Electronic,2000,109009,9.839260978451321,2305985.587278631
Electronic,2010,144425,19.051403842824996,4247841.818228274
Electronic,2020,54301,26.667151617833927,4089532.035583754
Folk,2000,19719,17.202292205487094,3352985.7031145915
Folk,2010,22802,26.992719936847646,5644029.239999156
Folk,2020,8781,33.132217287324906,6197588.2394331
Gospel,2000,8932,14.951074787281684,4047993.4082763824
Gospel,2010,9140,20.53347921225383,6849456.64286336
Gospel,2020,3549,24.75598760214145,6730115.348582752
Hip-Hop,1960,3,56.666666666666664,3481294.9073350015
Hip-Hop,1970,5,49.2,2670600.401259555
Hip-Hop,1980,47,40.723404255319146,2960563.424587315
Hip-Hop,1990,571,38.280210157618214,3224923.435807968
Hip-Hop,2000,5673,35.760091662259825,3587646.814315187
Hip-Hop,2010,10632,46.46849134687735,9645343.140176954
Hip-Hop,2020,3044,55.65144546649146,8464882.656467939
Instrumental,2000,7895,5.979100696643445,3029693.0271781
Instrumental,2010,7373,10.596229485962295,5808854.074650141
Instrumental,2020,1998,18.90790790790791,6944860.449439544
Jazz,2000,6020,25.900996677740864,2990159.9049507757
Jazz,2010,6652,30.828171978352376,5141872.548694209
Jazz,2020,3271,37.97370834607154,2957935.8461131295
Latin,1960,1,26.0,1255923.0
Latin,1970,3,66.0,1880407.2338510053
Latin,1980,53,39.339622641509436,3002803.104824205
Latin,1990,145,38.33103448275862,2900227.9223285103
Latin,2000,38129,9.75365207584778,3714147.88743316
Latin,2010,40026,16.314995253085495,6257463.690190337
Latin,2020,14917,23.213246631360192,5943028.341349893
Metal,2000,36491,12.698501000246637,2979841.399049513
Metal,2010,45391,15.664448899561586,3860475.926658673
Metal,2020,16659,19.205654601116514,4840676.084240492
Pop,1970,14,56.214285714285715,3826863.64185524
Pop,1980,91,38.010989010989015,4382639.351706221
Pop,1990,112,41.598214285714285,3240252.6755924798
Pop,2000,48025,10.703446121811556,3550774.815130185
Pop,2010,59848,20.378559016174307,6874776.221011684
Pop,2020,23738,28.71290757435336,6987685.173750975
R&B,1950,1,59.0,3699500.75
R&B,1960,23,46.0,6542713.651049562
R&B,1970,57,46.333333333333336,2940172.499427643
R&B,1980,191,35.44502617801047,3456775.2444616146
R&B,1990,709,31.586741889985895,3355449.274107426
R&B,2000,15160,15.377770448548812,4007521.9402565546
R&B,2010,18514,24.62784919520363,7060642.905738267
R&B,2020,6500,34.656615384615385,4236032.389189208
Reggae,2000,15510,6.384526112185687,6267943.631619828
Reggae,2010,15392,18.86954261954262,8293678.006432554
Reggae,2020,6671,28.42677259781142,7150824.2192843
Rock,1950,2,37.0,9168740.875
Rock,1960,105,46.44761904761905,2720791.90020433
Rock,1970,700,43.84,9006074.063616244
Rock,1980,701,44.82596291012839,11935511.618974349
Rock,1990,529,45.12287334593573,15040767.516589453
Rock,2000,53226,17.763856010220568,3838456.9608744923
Rock,2010,57774,22.992678367431715,5377723.27550006
Rock,2020,22770,25.083179622310055,6193172.2450249195
Soundtrack,2000,7058,10.655143100028337,3306517.7334994953
Soundtrack,2010,7133,20.9198093368849,5278557.648718399
Soundtrack,2020,2716,25.649116347569954,5685216.928916359
Unknown,2000,7537,8.707177922250231,4053486.6228622794
Unknown,2010,7675,13.956091205211726,6033483.248469321
Unknown,2020,2878,16.069145239749826,6771968.155208274
World,2000,30694,11.437935752915878,3578107.8967850907
World,2010,35219,18.89641954626764,5435654.714764133
World,2020,13617,28.67173386208416,5393718.33316118
